timestamp,cpu_usage,memory_usage,error_rate,response_time,status
2026-08-01T00:00:00Z,36.37,49.77,0.62,1.37,Healthy
2026-08-01T01:00:00Z,32.91,49.43,0.57,1.19,Healthy
2026-08-01T02:00:00Z,43.38,44.98,0.6,1.31,Healthy
2026-08-01T03:00:00Z,46.3,43.28,0.54,1.56,Healthy
2026-08-01T04:00:00Z,34.88,38.95,0.83,1.3,Healthy
2026-08-01T05:00:00Z,38.8,47.93,0.74,1.37,Healthy
2026-08-01T06:00:00Z,45.58,58.47,0.74,1.37,Healthy
2026-08-01T07:00:00Z,43.24,51.35,0.79,1.51,Healthy
2026-08-01T08:00:00Z,43.58,47.37,1.19,1.68,Healthy
2026-08-01T09:00:00Z,38.23,50.16,0.52,1.85,Healthy
2026-08-01T10:00:00Z,43.96,42.04,0.65,1.46,Healthy
2026-08-01T11:00:00Z,41.09,45.25,0.57,1.31,Healthy
2026-08-01T12:00:00Z,35.3,45.35,0.87,1.18,Healthy
2026-08-01T13:00:00Z,37.48,43.4,1.14,1.18,Healthy
2026-08-01T14:00:00Z,32.1,45.27,0.6,1.74,Healthy
2026-08-01T15:00:00Z,24.06,42.67,0.69,1.31,Healthy
2026-08-01T16:00:00Z,28.0,43.01,0.51,1.18,Healthy
2026-08-01T17:00:00Z,21.03,37.76,0.69,1.2,Healthy
2026-08-01T18:00:00Z,28.95,43.14,0.61,1.47,Healthy
2026-08-01T19:00:00Z,25.12,45.87,0.79,1.83,Healthy
2026-08-01T20:00:00Z,25.51,37.27,0.7,1.1,Healthy
2026-08-01T21:00:00Z,24.86,38.36,0.98,1.23,Healthy
2026-08-01T22:00:00Z,35.5,47.18,0.67,1.47,Healthy
2026-08-01T23:00:00Z,31.72,43.04,0.69,2.05,Healthy
2026-08-01T00:00:00Z,33.07,49.91,1.06,1.41,Healthy
2026-08-01T01:00:00Z,36.0,44.75,0.67,1.36,Healthy
2026-08-01T02:00:00Z,42.4,52.59,0.8,1.45,Healthy
2026-08-01T03:00:00Z,43.72,49.0,0.58,1.31,Healthy
2026-08-01T04:00:00Z,45.52,50.23,0.93,1.48,Healthy
2026-08-01T05:00:00Z,46.6,55.31,0.81,1.66,Healthy
2026-08-01T06:00:00Z,54.64,48.73,0.82,1.41,Healthy
2026-08-01T07:00:00Z,42.83,46.54,0.84,1.77,Healthy
2026-08-01T08:00:00Z,41.36,47.76,0.78,1.24,Healthy
2026-08-01T09:00:00Z,38.41,50.12,0.52,1.28,Healthy
2026-08-01T10:00:00Z,42.77,42.02,0.61,1.26,Healthy
2026-08-01T11:00:00Z,42.67,48.53,1.13,1.24,Healthy
2026-08-01T12:00:00Z,34.49,43.11,1.03,1.88,Healthy
2026-08-01T13:00:00Z,28.63,47.72,1.02,1.15,Healthy
2026-08-01T14:00:00Z,26.29,34.12,1.38,1.21,Healthy
2026-08-01T15:00:00Z,30.86,38.71,0.75,1.31,Healthy
2026-08-01T16:00:00Z,29.68,34.77,0.73,1.12,Healthy
2026-08-01T17:00:00Z,27.78,37.28,0.71,1.15,Healthy
2026-08-01T18:00:00Z,22.01,40.87,0.52,1.09,Healthy
2026-08-01T19:00:00Z,26.39,39.54,0.72,1.14,Healthy
2026-08-01T20:00:00Z,26.86,39.78,0.9,1.2,Healthy
2026-08-01T21:00:00Z,28.91,40.91,0.6,1.17,Healthy
2026-08-01T22:00:00Z,33.92,43.21,1.17,1.48,Healthy
2026-08-01T23:00:00Z,33.42,40.18,0.8,1.28,Healthy
2026-08-01T00:00:00Z,38.06,47.47,0.86,1.29,Healthy
2026-08-01T01:00:00Z,37.89,48.61,0.78,1.23,Healthy
2026-08-01T02:00:00Z,41.3,48.85,1.01,1.5,Healthy
2026-08-01T03:00:00Z,44.91,50.48,0.69,1.35,Healthy
2026-08-01T04:00:00Z,37.1,50.37,0.73,1.27,Healthy
2026-08-01T05:00:00Z,43.22,56.95,0.58,1.9,Healthy
2026-08-01T06:00:00Z,42.88,49.7,0.72,1.24,Healthy
2026-08-01T07:00:00Z,41.78,48.75,0.58,1.32,Healthy
2026-08-01T08:00:00Z,42.42,46.69,1.04,1.41,Healthy
2026-08-01T09:00:00Z,48.8,44.92,0.76,1.56,Healthy
2026-08-01T10:00:00Z,36.1,43.14,0.75,1.43,Healthy
2026-08-01T11:00:00Z,41.95,43.18,0.98,1.28,Healthy
2026-08-01T12:00:00Z,27.43,44.75,0.57,1.08,Healthy
2026-08-01T13:00:00Z,30.9,44.88,0.58,1.33,Healthy
2026-08-01T14:00:00Z,30.73,42.68,1.43,1.29,Healthy
2026-08-01T15:00:00Z,30.57,38.79,0.78,1.12,Healthy
2026-08-01T16:00:00Z,29.54,43.82,0.75,1.24,Healthy
2026-08-01T17:00:00Z,28.91,42.76,0.5,1.13,Healthy
2026-08-01T18:00:00Z,23.43,39.44,0.65,1.06,Healthy
2026-08-01T19:00:00Z,23.26,37.89,1.19,1.2,Healthy
2026-08-01T20:00:00Z,30.2,42.59,1.0,1.33,Healthy
2026-08-01T21:00:00Z,27.07,42.12,0.65,1.26,Healthy
2026-08-01T22:00:00Z,24.26,37.43,0.82,1.12,Healthy
2026-08-01T23:00:00Z,27.31,43.47,0.64,1.26,Healthy
2026-08-01T00:00:00Z,30.86,45.92,0.68,1.23,Healthy
2026-08-01T01:00:00Z,39.83,43.15,0.63,1.34,Healthy
2026-08-01T02:00:00Z,40.64,48.16,0.57,1.46,Healthy
2026-08-01T03:00:00Z,45.18,43.44,0.74,1.43,Healthy
2026-08-01T04:00:00Z,41.74,54.01,0.7,1.42,Healthy
2026-08-01T05:00:00Z,45.37,54.2,1.42,1.58,Healthy
2026-08-01T06:00:00Z,47.82,49.12,0.53,1.37,Healthy
2026-08-01T07:00:00Z,43.27,51.1,0.68,1.38,Healthy
2026-08-01T08:00:00Z,45.72,40.9,0.93,1.46,Healthy
2026-08-01T09:00:00Z,39.09,44.49,0.72,1.55,Healthy
2026-08-01T10:00:00Z,38.37,46.47,1.3,1.24,Healthy
2026-08-01T11:00:00Z,35.87,42.54,0.65,1.45,Healthy
2026-08-01T12:00:00Z,29.62,47.5,0.55,1.16,Healthy
2026-08-01T13:00:00Z,34.6,50.7,1.15,1.23,Healthy
2026-08-01T14:00:00Z,27.89,38.38,0.52,1.19,Healthy
2026-08-01T15:00:00Z,27.99,38.53,0.67,1.1,Healthy
2026-08-01T16:00:00Z,28.5,41.49,0.63,1.52,Healthy
2026-08-01T17:00:00Z,27.35,45.81,0.78,1.47,Healthy
2026-08-01T18:00:00Z,27.99,35.72,0.89,1.69,Healthy
2026-08-01T19:00:00Z,24.9,41.04,0.69,1.23,Healthy
2026-08-01T20:00:00Z,24.43,47.04,1.07,1.27,Healthy
2026-08-01T21:00:00Z,27.57,35.68,0.51,1.15,Healthy
2026-08-01T22:00:00Z,22.41,38.02,0.62,1.03,Healthy
2026-08-01T23:00:00Z,25.9,42.22,0.76,1.32,Healthy
2026-08-01T00:00:00Z,29.05,43.18,0.64,1.13,Healthy
2026-08-01T01:00:00Z,33.1,49.14,0.55,1.19,Healthy
2026-08-01T02:00:00Z,41.8,48.35,0.57,2.2,Healthy
2026-08-01T03:00:00Z,38.0,42.32,0.65,1.21,Healthy
2026-08-01T04:00:00Z,41.96,51.13,0.63,1.24,Healthy
2026-08-01T05:00:00Z,50.51,47.81,0.89,1.32,Healthy
2026-08-01T06:00:00Z,43.4,54.46,0.86,1.45,Healthy
2026-08-01T07:00:00Z,47.98,47.63,0.84,1.37,Healthy
2026-08-01T08:00:00Z,39.46,47.1,0.79,1.28,Healthy
2026-08-01T09:00:00Z,41.15,50.43,0.92,1.37,Healthy
2026-08-01T10:00:00Z,35.72,50.17,1.39,1.18,Healthy
2026-08-01T11:00:00Z,36.06,47.86,0.6,1.19,Healthy
2026-08-01T12:00:00Z,38.78,39.1,1.15,1.69,Healthy
2026-08-01T13:00:00Z,24.64,45.59,0.5,1.47,Healthy
2026-08-01T14:00:00Z,31.95,38.88,1.41,1.29,Healthy
2026-08-01T15:00:00Z,29.0,42.29,0.53,1.58,Healthy
2026-08-01T16:00:00Z,23.67,35.69,0.54,1.05,Healthy
2026-08-01T17:00:00Z,18.83,41.73,0.67,1.15,Healthy
2026-08-01T18:00:00Z,25.32,37.18,0.55,1.28,Healthy
2026-08-01T19:00:00Z,22.96,35.68,0.5,1.4,Healthy
2026-08-01T20:00:00Z,27.39,43.17,0.5,1.25,Healthy
2026-08-01T21:00:00Z,28.03,42.31,0.6,1.25,Healthy
2026-08-01T22:00:00Z,37.21,40.35,1.02,1.24,Healthy
2026-08-01T23:00:00Z,31.33,48.79,0.54,1.33,Healthy
2026-08-01T00:00:00Z,30.39,43.46,0.78,1.13,Healthy
2026-08-01T01:00:00Z,38.39,46.41,1.02,1.57,Healthy
2026-08-01T02:00:00Z,40.99,48.44,0.57,1.35,Healthy
2026-08-01T03:00:00Z,48.19,46.37,0.6,1.3,Healthy
2026-08-01T04:00:00Z,47.42,50.98,2.02,1.35,Healthy
2026-08-01T05:00:00Z,46.27,47.96,0.86,1.39,Healthy
2026-08-01T06:00:00Z,51.58,48.56,0.72,2.02,Healthy
2026-08-01T07:00:00Z,39.31,54.6,1.06,1.42,Healthy
2026-08-01T08:00:00Z,40.78,45.69,0.53,1.52,Healthy
2026-08-01T09:00:00Z,37.9,40.09,0.96,2.1,Healthy
2026-08-01T10:00:00Z,38.25,53.14,0.91,1.46,Healthy
2026-08-01T11:00:00Z,31.39,55.22,0.64,1.13,Healthy
2026-08-01T12:00:00Z,37.86,43.58,0.61,1.43,Healthy
2026-08-01T13:00:00Z,31.41,36.93,0.75,1.41,Healthy
2026-08-01T14:00:00Z,23.38,41.41,0.94,1.11,Healthy
2026-08-01T15:00:00Z,23.36,40.46,0.98,1.07,Healthy
2026-08-01T16:00:00Z,27.75,40.01,1.18,1.24,Healthy
2026-08-01T17:00:00Z,29.11,36.27,0.56,2.2,Healthy
2026-08-01T18:00:00Z,33.99,42.03,0.58,1.45,Healthy
2026-08-01T19:00:00Z,38.45,42.01,0.91,1.59,Healthy
2026-08-01T20:00:00Z,28.2,35.44,0.56,1.38,Healthy
2026-08-01T21:00:00Z,23.48,43.91,0.5,1.12,Healthy
2026-08-01T22:00:00Z,20.41,49.68,0.57,1.2,Healthy
2026-08-01T23:00:00Z,33.62,44.31,0.61,1.72,Healthy
2026-08-01T00:00:00Z,31.34,43.82,0.61,1.19,Healthy
2026-08-01T01:00:00Z,35.72,45.8,0.84,1.17,Healthy
2026-08-01T02:00:00Z,37.25,49.65,0.8,2.2,Healthy
2026-08-01T03:00:00Z,41.44,42.48,0.68,1.31,Healthy
2026-08-01T04:00:00Z,48.46,49.91,0.89,2.2,Healthy
2026-08-01T05:00:00Z,45.37,48.46,0.7,1.43,Healthy
2026-08-01T06:00:00Z,44.29,56.47,0.81,1.41,Healthy
2026-08-01T07:00:00Z,40.0,49.22,1.44,1.41,Healthy
2026-08-01T08:00:00Z,36.12,55.17,0.92,1.33,Healthy
2026-08-01T09:00:00Z,39.88,44.67,0.59,1.86,Healthy
2026-08-01T10:00:00Z,39.76,49.56,0.55,1.31,Healthy
2026-08-01T11:00:00Z,45.54,47.41,1.35,1.29,Healthy
2026-08-01T12:00:00Z,35.59,41.96,0.82,1.55,Healthy
2026-08-01T13:00:00Z,36.83,44.33,1.04,1.4,Healthy
2026-08-01T14:00:00Z,27.75,46.74,0.76,1.08,Healthy
2026-08-01T15:00:00Z,22.6,40.33,0.76,1.25,Healthy
2026-08-01T16:00:00Z,22.0,34.75,2.66,1.35,Healthy
2026-08-01T17:00:00Z,22.08,40.11,1.24,1.1,Healthy
2026-08-01T18:00:00Z,34.58,36.84,0.52,1.25,Healthy
2026-08-01T19:00:00Z,21.64,38.97,0.56,1.04,Healthy
2026-08-01T20:00:00Z,30.11,40.38,0.63,1.17,Healthy
2026-08-01T21:00:00Z,23.87,35.49,0.63,1.26,Healthy
2026-08-01T22:00:00Z,34.19,36.85,0.56,1.15,Healthy
2026-08-01T23:00:00Z,34.14,45.39,0.83,1.44,Healthy
2026-08-01T00:00:00Z,34.3,43.17,0.67,1.72,Healthy
2026-08-01T01:00:00Z,37.4,37.32,1.15,1.2,Healthy
2026-08-01T02:00:00Z,37.05,50.25,0.63,1.29,Healthy
2026-08-01T03:00:00Z,44.08,49.49,0.72,1.29,Healthy
2026-08-01T04:00:00Z,41.61,46.83,0.66,1.35,Healthy
2026-08-01T05:00:00Z,39.14,45.22,0.82,1.51,Healthy
2026-08-01T06:00:00Z,39.25,52.93,0.59,1.41,Healthy
2026-08-01T07:00:00Z,45.44,51.05,1.03,1.36,Healthy
2026-08-01T08:00:00Z,50.77,57.67,1.53,1.35,Healthy
2026-08-01T09:00:00Z,42.79,50.01,0.52,2.04,Healthy
2026-08-01T10:00:00Z,39.47,48.86,0.5,1.26,Healthy
2026-08-01T11:00:00Z,38.87,45.71,0.66,1.26,Healthy
2026-08-01T12:00:00Z,40.88,47.86,0.73,1.21,Healthy
2026-08-01T13:00:00Z,33.4,45.89,0.89,2.02,Healthy
2026-08-01T14:00:00Z,28.15,46.88,0.66,1.39,Healthy
2026-08-01T15:00:00Z,32.91,39.64,0.69,1.53,Healthy
2026-08-01T16:00:00Z,28.27,39.15,0.78,1.47,Healthy
2026-08-01T17:00:00Z,32.25,38.49,0.65,1.23,Healthy
2026-08-01T18:00:00Z,25.82,42.77,1.52,1.18,Healthy
2026-08-01T19:00:00Z,19.83,45.41,0.52,1.33,Healthy
2026-08-01T20:00:00Z,20.18,39.06,0.54,1.26,Healthy
2026-08-01T21:00:00Z,35.36,39.98,0.72,1.17,Healthy
2026-08-01T22:00:00Z,37.76,43.6,0.59,1.32,Healthy
2026-08-01T23:00:00Z,31.6,42.85,1.02,1.77,Healthy
2026-08-01T00:00:00Z,33.28,48.33,0.63,1.32,Healthy
2026-08-01T01:00:00Z,44.16,38.41,0.57,1.44,Healthy
2026-08-01T02:00:00Z,35.02,44.61,0.55,1.21,Healthy
2026-08-01T03:00:00Z,38.04,45.8,0.79,1.99,Healthy
2026-08-01T04:00:00Z,46.56,41.21,0.55,1.76,Healthy
2026-08-01T05:00:00Z,42.88,46.46,0.67,1.37,Healthy
2026-08-01T06:00:00Z,44.98,46.8,0.84,1.34,Healthy
2026-08-01T07:00:00Z,43.92,49.13,0.89,1.3,Healthy
2026-08-01T08:00:00Z,45.18,53.23,0.64,1.36,Healthy
2026-08-01T09:00:00Z,48.4,47.68,0.51,1.32,Healthy
2026-08-01T10:00:00Z,40.41,43.89,0.64,1.26,Healthy
2026-08-01T11:00:00Z,40.49,46.09,0.66,1.21,Healthy
2026-08-01T12:00:00Z,25.77,48.67,0.69,1.45,Healthy
2026-08-01T13:00:00Z,32.19,40.29,0.58,1.14,Healthy
2026-08-01T14:00:00Z,26.21,39.31,1.76,1.07,Healthy
2026-08-01T15:00:00Z,22.44,43.42,0.92,1.41,Healthy
2026-08-01T16:00:00Z,22.39,39.89,0.53,1.18,Healthy
2026-08-01T17:00:00Z,23.84,42.44,0.53,1.3,Healthy
2026-08-01T18:00:00Z,29.12,39.95,0.68,1.44,Healthy
2026-08-01T19:00:00Z,19.37,42.63,0.98,1.13,Healthy
2026-08-01T20:00:00Z,26.48,37.05,0.53,1.33,Healthy
2026-08-01T21:00:00Z,25.75,41.42,0.98,1.2,Healthy
2026-08-01T22:00:00Z,28.53,41.76,0.82,1.84,Healthy
2026-08-01T23:00:00Z,36.92,39.45,1.0,1.51,Healthy
2026-08-01T00:00:00Z,37.42,39.53,1.02,1.25,Healthy
2026-08-01T01:00:00Z,43.61,48.69,0.92,1.38,Healthy
2026-08-01T02:00:00Z,39.3,46.27,0.78,1.24,Healthy
2026-08-01T03:00:00Z,38.94,44.96,1.13,1.44,Healthy
2026-08-01T04:00:00Z,42.65,48.99,0.8,1.28,Healthy
2026-08-01T05:00:00Z,45.75,53.78,0.76,1.4,Healthy
2026-08-01T06:00:00Z,45.79,42.02,0.73,1.41,Healthy
2026-08-01T07:00:00Z,39.78,44.59,0.92,1.36,Healthy
2026-08-01T08:00:00Z,44.07,46.1,0.6,1.3,Healthy
2026-08-01T09:00:00Z,43.1,53.65,1.79,1.38,Healthy
2026-08-01T10:00:00Z,51.33,48.49,0.98,1.69,Healthy
2026-08-01T11:00:00Z,46.03,48.98,0.55,1.32,Healthy
2026-08-01T12:00:00Z,31.16,41.01,0.88,1.2,Healthy
2026-08-01T13:00:00Z,31.12,39.79,0.9,1.35,Healthy
2026-08-01T14:00:00Z,23.41,44.07,0.54,1.08,Healthy
2026-08-01T15:00:00Z,25.27,41.67,0.67,1.66,Healthy
2026-08-01T16:00:00Z,27.76,42.59,0.6,1.37,Healthy
2026-08-01T17:00:00Z,30.77,39.51,0.56,1.4,Healthy
2026-08-01T18:00:00Z,21.72,40.97,0.59,1.27,Healthy
2026-08-01T19:00:00Z,22.4,40.72,0.91,1.1,Healthy
2026-08-01T20:00:00Z,16.68,43.39,0.71,1.09,Healthy
2026-08-01T21:00:00Z,27.2,44.29,0.6,1.22,Healthy
2026-08-01T22:00:00Z,25.22,36.83,0.57,1.21,Healthy
2026-08-01T23:00:00Z,30.03,35.84,1.04,1.38,Healthy
2026-08-01T00:00:00Z,31.05,48.51,0.68,1.19,Healthy
2026-08-01T01:00:00Z,37.16,50.45,0.86,1.29,Healthy
2026-08-01T02:00:00Z,32.09,43.93,0.67,1.82,Healthy
2026-08-01T03:00:00Z,35.47,42.03,0.59,1.73,Healthy
2026-08-01T04:00:00Z,53.24,49.68,0.92,1.4,Healthy
2026-08-01T05:00:00Z,38.87,53.09,0.72,1.41,Healthy
2026-08-01T06:00:00Z,40.06,56.29,0.81,1.25,Healthy
2026-08-01T07:00:00Z,52.93,51.64,1.07,1.41,Healthy
2026-08-01T08:00:00Z,56.73,48.03,1.27,1.45,Healthy
2026-08-01T09:00:00Z,36.8,45.41,0.88,1.38,Healthy
2026-08-01T10:00:00Z,38.34,47.54,0.79,1.71,Healthy
2026-08-01T11:00:00Z,39.13,45.25,0.98,1.32,Healthy
2026-08-01T12:00:00Z,42.78,41.45,0.6,1.83,Healthy
2026-08-01T13:00:00Z,27.97,50.88,0.62,1.53,Healthy
2026-08-01T14:00:00Z,28.9,48.75,0.89,1.24,Healthy
2026-08-01T15:00:00Z,31.43,45.44,0.62,1.34,Healthy
2026-08-01T16:00:00Z,28.3,37.45,0.61,1.27,Healthy
2026-08-01T17:00:00Z,23.65,43.16,1.14,1.4,Healthy
2026-08-01T18:00:00Z,24.4,42.24,1.01,1.22,Healthy
2026-08-01T19:00:00Z,19.15,41.72,0.62,1.13,Healthy
2026-08-01T20:00:00Z,25.27,45.04,0.68,1.24,Healthy
2026-08-01T21:00:00Z,26.73,43.69,1.02,1.24,Healthy
2026-08-01T22:00:00Z,31.04,45.09,0.53,1.17,Healthy
2026-08-01T23:00:00Z,29.91,45.94,0.88,1.1,Healthy
2026-08-01T00:00:00Z,37.12,46.19,0.56,1.27,Healthy
2026-08-01T01:00:00Z,42.15,40.05,1.09,1.31,Healthy
2026-08-01T02:00:00Z,40.7,47.79,0.69,2.2,Healthy
2026-08-01T03:00:00Z,43.65,46.59,0.55,1.4,Healthy
2026-08-01T04:00:00Z,43.9,44.85,0.5,1.42,Healthy
2026-08-01T05:00:00Z,44.66,55.72,0.51,1.46,Healthy
2026-08-01T06:00:00Z,41.75,56.05,0.62,1.45,Healthy
2026-08-01T07:00:00Z,46.08,54.59,0.96,1.3,Healthy
2026-08-01T08:00:00Z,43.22,50.22,0.51,1.36,Healthy
2026-08-01T09:00:00Z,51.49,53.26,0.9,1.33,Healthy
2026-08-01T10:00:00Z,47.08,47.54,1.17,1.27,Healthy
2026-08-01T11:00:00Z,39.32,47.0,0.63,1.34,Healthy
2026-08-01T12:00:00Z,31.57,41.17,0.9,1.91,Healthy
2026-08-01T13:00:00Z,27.41,45.1,0.5,1.2,Healthy
2026-08-01T14:00:00Z,35.36,42.71,0.54,1.17,Healthy
2026-08-01T15:00:00Z,29.11,36.91,0.59,1.16,Healthy
2026-08-01T16:00:00Z,28.5,40.49,0.67,1.13,Healthy
2026-08-01T17:00:00Z,17.49,39.89,0.87,1.23,Healthy
2026-08-01T18:00:00Z,29.17,46.29,1.02,1.17,Healthy
2026-08-01T19:00:00Z,27.39,43.3,0.64,1.28,Healthy
2026-08-01T20:00:00Z,21.34,40.71,0.72,1.12,Healthy
2026-08-01T21:00:00Z,25.81,42.34,1.7,1.26,Healthy
2026-08-01T22:00:00Z,31.19,42.65,0.74,1.3,Healthy
2026-08-01T23:00:00Z,32.65,43.0,0.66,1.57,Healthy
2026-08-01T00:00:00Z,33.69,41.21,1.02,1.21,Healthy
2026-08-01T01:00:00Z,37.12,45.77,2.14,1.26,Healthy
2026-08-01T02:00:00Z,38.87,44.89,0.66,1.32,Healthy
2026-08-01T03:00:00Z,42.76,44.16,0.83,1.38,Healthy
2026-08-01T04:00:00Z,50.28,51.12,1.24,1.35,Healthy
2026-08-01T05:00:00Z,33.11,51.2,0.63,1.29,Healthy
2026-08-01T06:00:00Z,43.93,43.75,0.68,1.51,Healthy
2026-08-01T07:00:00Z,45.45,49.4,0.73,1.31,Healthy
2026-08-01T08:00:00Z,44.99,52.82,0.76,1.68,Healthy
2026-08-01T09:00:00Z,40.4,52.24,0.9,1.56,Healthy
2026-08-01T10:00:00Z,32.09,51.09,0.86,1.45,Healthy
2026-08-01T11:00:00Z,39.06,46.43,0.66,1.47,Healthy
2026-08-01T12:00:00Z,42.77,42.04,1.27,1.44,Healthy
2026-08-01T13:00:00Z,25.51,39.91,0.67,1.19,Healthy
2026-08-01T14:00:00Z,33.89,43.71,0.58,1.36,Healthy
2026-08-01T15:00:00Z,26.45,42.79,0.79,1.45,Healthy
2026-08-01T16:00:00Z,26.06,45.18,1.05,1.17,Healthy
2026-08-01T17:00:00Z,20.6,44.02,0.59,1.04,Healthy
2026-08-01T18:00:00Z,23.49,39.54,0.77,1.66,Healthy
2026-08-01T19:00:00Z,31.19,35.82,0.62,1.63,Healthy
2026-08-01T20:00:00Z,28.96,39.55,0.51,1.18,Healthy
2026-08-01T21:00:00Z,35.72,42.22,0.58,1.26,Healthy
2026-08-01T22:00:00Z,35.3,41.79,0.85,1.47,Healthy
2026-08-01T23:00:00Z,34.39,41.68,0.92,1.26,Healthy
2026-08-01T00:00:00Z,42.85,45.89,0.58,1.35,Healthy
2026-08-01T01:00:00Z,39.56,44.53,0.8,1.35,Healthy
2026-08-01T02:00:00Z,43.73,45.3,0.67,1.29,Healthy
2026-08-01T03:00:00Z,40.74,49.63,0.78,1.37,Healthy
2026-08-01T04:00:00Z,43.96,47.92,0.51,1.29,Healthy
2026-08-01T05:00:00Z,41.52,50.68,0.55,1.3,Healthy
2026-08-01T06:00:00Z,49.45,50.96,0.57,1.36,Healthy
2026-08-01T07:00:00Z,39.36,45.84,0.6,1.21,Healthy
2026-08-01T08:00:00Z,47.18,47.65,0.66,1.69,Healthy
2026-08-01T09:00:00Z,41.21,53.57,0.67,1.29,Healthy
2026-08-01T10:00:00Z,45.27,43.43,0.67,1.33,Healthy
2026-08-01T11:00:00Z,40.97,38.89,0.54,2.2,Healthy
2026-08-01T12:00:00Z,43.19,38.48,1.37,1.41,Healthy
2026-08-01T13:00:00Z,35.7,43.81,0.63,1.17,Healthy
2026-08-01T14:00:00Z,22.93,42.61,0.74,1.14,Healthy
2026-08-01T15:00:00Z,27.63,41.05,1.1,1.16,Healthy
2026-08-01T16:00:00Z,21.07,44.92,0.54,1.14,Healthy
2026-08-01T17:00:00Z,23.01,30.82,0.75,1.07,Healthy
2026-08-01T18:00:00Z,31.8,41.39,0.65,1.16,Healthy
2026-08-01T19:00:00Z,28.21,45.64,1.0,1.1,Healthy
2026-08-01T20:00:00Z,23.19,36.72,0.7,1.29,Healthy
2026-08-01T21:00:00Z,23.37,40.14,0.63,1.04,Healthy
2026-08-01T22:00:00Z,30.15,39.86,0.5,1.41,Healthy
2026-08-01T23:00:00Z,26.94,40.58,1.31,1.1,Healthy
2026-08-01T00:00:00Z,31.98,43.86,0.53,1.41,Healthy
2026-08-01T01:00:00Z,38.99,51.29,0.79,1.45,Healthy
2026-08-01T02:00:00Z,45.2,53.93,0.61,1.47,Healthy
2026-08-01T03:00:00Z,44.81,47.36,1.49,1.26,Healthy
2026-08-01T04:00:00Z,33.35,56.0,0.55,1.22,Healthy
2026-08-01T05:00:00Z,46.03,49.95,1.31,1.47,Healthy
2026-08-01T06:00:00Z,45.32,56.14,1.74,1.26,Healthy
2026-08-01T07:00:00Z,46.52,49.5,0.59,1.34,Healthy
2026-08-01T08:00:00Z,50.93,49.79,0.53,1.41,Healthy
2026-08-01T09:00:00Z,32.79,49.81,0.82,1.55,Healthy
2026-08-01T10:00:00Z,37.34,58.63,0.59,1.23,Healthy
2026-08-01T11:00:00Z,40.25,49.27,0.62,1.25,Healthy
2026-08-01T12:00:00Z,27.88,42.52,0.91,1.76,Healthy
2026-08-01T13:00:00Z,39.05,47.1,1.14,1.28,Healthy
2026-08-01T14:00:00Z,31.66,41.23,0.78,1.21,Healthy
2026-08-01T15:00:00Z,31.74,39.75,0.99,1.41,Healthy
2026-08-01T16:00:00Z,23.77,43.85,0.54,1.28,Healthy
2026-08-01T17:00:00Z,29.0,40.28,1.25,1.21,Healthy
2026-08-01T18:00:00Z,29.81,40.98,0.54,1.29,Healthy
2026-08-01T19:00:00Z,26.39,40.22,0.54,1.15,Healthy
2026-08-01T20:00:00Z,27.39,41.85,0.59,1.31,Healthy
2026-08-01T21:00:00Z,29.15,42.95,0.72,1.12,Healthy
2026-08-01T22:00:00Z,26.11,35.72,0.55,1.09,Healthy
2026-08-01T23:00:00Z,31.75,46.04,1.27,1.21,Healthy
2026-08-01T00:00:00Z,34.31,41.56,0.58,1.15,Healthy
2026-08-01T01:00:00Z,39.31,41.25,1.14,1.25,Healthy
2026-08-01T02:00:00Z,44.5,47.3,1.25,1.39,Healthy
2026-08-01T03:00:00Z,37.31,48.83,0.67,1.26,Healthy
2026-08-01T04:00:00Z,43.1,46.9,1.17,1.26,Healthy
2026-08-01T05:00:00Z,51.33,52.74,1.0,2.2,Healthy
2026-08-01T06:00:00Z,41.65,45.3,0.66,1.61,Healthy
2026-08-01T07:00:00Z,40.96,48.41,1.0,1.27,Healthy
2026-08-01T08:00:00Z,44.57,47.28,0.85,1.61,Healthy
2026-08-01T09:00:00Z,45.87,48.37,0.6,1.77,Healthy
2026-08-01T10:00:00Z,40.05,48.48,1.62,1.48,Healthy
2026-08-01T11:00:00Z,43.57,42.77,0.79,1.25,Healthy
2026-08-01T12:00:00Z,38.86,47.53,1.06,1.36,Healthy
2026-08-01T13:00:00Z,36.2,43.93,0.67,1.31,Healthy
2026-08-01T14:00:00Z,32.49,35.88,0.82,1.28,Healthy
2026-08-01T15:00:00Z,38.4,34.61,0.59,1.21,Healthy
2026-08-01T16:00:00Z,25.42,40.63,0.61,1.31,Healthy
2026-08-01T17:00:00Z,16.32,39.4,0.93,1.39,Healthy
2026-08-01T18:00:00Z,32.22,39.64,1.11,1.14,Healthy
2026-08-01T19:00:00Z,23.28,40.07,1.73,1.1,Healthy
2026-08-01T20:00:00Z,26.83,41.46,0.71,1.07,Healthy
2026-08-01T21:00:00Z,33.82,44.78,0.51,1.49,Healthy
2026-08-01T22:00:00Z,22.79,38.61,0.56,1.99,Healthy
2026-08-01T23:00:00Z,26.78,39.6,0.56,1.07,Healthy
2026-08-01T00:00:00Z,27.79,41.17,1.5,1.54,Healthy
2026-08-01T01:00:00Z,34.01,47.31,0.61,1.26,Healthy
2026-08-01T02:00:00Z,41.98,51.86,0.62,1.8,Healthy
2026-08-01T03:00:00Z,44.43,47.03,1.31,2.0,Healthy
2026-08-01T04:00:00Z,44.9,40.57,0.74,1.57,Healthy
2026-08-01T05:00:00Z,38.3,43.87,0.63,1.21,Healthy
2026-08-01T06:00:00Z,34.6,47.08,0.51,1.31,Healthy
2026-08-01T07:00:00Z,44.9,47.88,0.53,1.29,Healthy
2026-08-01T08:00:00Z,41.54,47.9,0.57,2.16,Healthy
2026-08-01T09:00:00Z,44.14,48.67,0.58,1.37,Healthy
2026-08-01T10:00:00Z,43.16,46.41,0.68,1.28,Healthy
2026-08-01T11:00:00Z,38.21,49.97,0.77,1.25,Healthy
2026-08-01T12:00:00Z,38.42,42.63,0.58,1.86,Healthy
2026-08-01T13:00:00Z,33.44,40.69,0.76,1.16,Healthy
2026-08-01T14:00:00Z,32.39,44.18,0.67,1.39,Healthy
2026-08-01T15:00:00Z,24.76,36.09,1.03,1.49,Healthy
2026-08-01T16:00:00Z,25.53,42.03,0.73,1.16,Healthy
2026-08-01T17:00:00Z,26.23,40.53,0.71,1.28,Healthy
2026-08-01T18:00:00Z,28.69,39.48,0.64,1.25,Healthy
2026-08-01T19:00:00Z,23.57,45.73,0.7,1.16,Healthy
2026-08-01T20:00:00Z,28.68,38.49,0.61,1.19,Healthy
2026-08-01T21:00:00Z,26.73,48.68,0.59,1.08,Healthy
2026-08-01T22:00:00Z,29.47,41.71,0.76,1.16,Healthy
2026-08-01T23:00:00Z,36.14,39.24,0.62,1.2,Healthy
2026-08-01T00:00:00Z,26.03,45.24,0.62,1.18,Healthy
2026-08-01T01:00:00Z,31.75,42.53,1.46,1.4,Healthy
2026-08-01T02:00:00Z,33.33,44.87,0.85,1.19,Healthy
2026-08-01T03:00:00Z,31.57,49.93,0.65,1.18,Healthy
2026-08-01T04:00:00Z,40.61,51.27,0.83,1.28,Healthy
2026-08-01T05:00:00Z,48.03,47.65,1.04,1.59,Healthy
2026-08-01T06:00:00Z,43.72,53.46,1.69,1.64,Healthy
2026-08-01T07:00:00Z,45.55,53.88,0.75,1.29,Healthy
2026-08-01T08:00:00Z,48.56,54.36,0.52,1.75,Healthy
2026-08-01T09:00:00Z,48.05,50.39,0.71,1.59,Healthy
2026-08-01T10:00:00Z,39.69,52.27,0.53,1.22,Healthy
2026-08-01T11:00:00Z,43.68,39.71,1.53,1.46,Healthy
2026-08-01T12:00:00Z,35.41,43.89,0.55,1.33,Healthy
2026-08-01T13:00:00Z,28.64,40.67,0.52,1.24,Healthy
2026-08-01T14:00:00Z,27.33,42.92,1.19,1.09,Healthy
2026-08-01T15:00:00Z,21.27,39.46,0.67,1.22,Healthy
2026-08-01T16:00:00Z,22.34,40.09,0.72,1.18,Healthy
2026-08-01T17:00:00Z,23.73,46.76,0.68,1.1,Healthy
2026-08-01T18:00:00Z,28.62,39.41,1.3,1.21,Healthy
2026-08-01T19:00:00Z,33.08,41.62,0.76,1.42,Healthy
2026-08-01T20:00:00Z,20.12,39.86,0.69,1.01,Healthy
2026-08-01T21:00:00Z,29.7,41.73,0.53,1.21,Healthy
2026-08-01T22:00:00Z,25.32,42.52,1.38,1.42,Healthy
2026-08-01T23:00:00Z,34.55,45.28,0.58,1.26,Healthy
2026-08-01T00:00:00Z,34.41,49.08,1.33,1.54,Healthy
2026-08-01T01:00:00Z,29.35,52.06,0.51,1.13,Healthy
2026-08-01T02:00:00Z,44.18,48.58,1.11,1.54,Healthy
2026-08-01T03:00:00Z,39.35,50.6,0.67,1.75,Healthy
2026-08-01T04:00:00Z,41.26,45.3,1.8,1.24,Healthy
2026-08-01T05:00:00Z,39.85,49.52,1.03,1.55,Healthy
2026-08-01T06:00:00Z,42.06,53.29,0.54,1.28,Healthy
2026-08-01T07:00:00Z,46.58,52.86,0.54,1.29,Healthy
2026-08-01T08:00:00Z,42.81,50.07,0.62,1.25,Healthy
2026-08-01T09:00:00Z,43.55,51.64,1.55,1.34,Healthy
2026-08-01T10:00:00Z,41.63,49.22,0.77,1.22,Healthy
2026-08-01T11:00:00Z,43.53,50.5,0.77,1.29,Healthy
2026-08-01T12:00:00Z,33.46,46.01,1.03,1.24,Healthy
2026-08-01T13:00:00Z,25.77,42.46,0.87,1.17,Healthy
2026-08-01T14:00:00Z,34.8,43.68,0.86,1.19,Healthy
2026-08-01T15:00:00Z,26.44,31.21,1.08,1.14,Healthy
2026-08-01T16:00:00Z,31.36,42.01,0.75,1.15,Healthy
2026-08-01T17:00:00Z,27.07,27.4,0.9,1.13,Healthy
2026-08-01T18:00:00Z,24.41,33.97,0.65,1.28,Healthy
2026-08-01T19:00:00Z,26.91,41.75,0.73,1.18,Healthy
2026-08-01T20:00:00Z,35.12,42.34,0.79,1.42,Healthy
2026-08-01T21:00:00Z,37.28,37.4,0.65,1.23,Healthy
2026-08-01T22:00:00Z,30.31,40.01,1.02,1.11,Healthy
2026-08-01T23:00:00Z,33.13,48.5,1.21,1.29,Healthy
2026-08-01T00:00:00Z,39.84,43.31,0.56,1.45,Healthy
2026-08-01T01:00:00Z,33.78,54.14,1.05,1.16,Healthy
2026-08-01T02:00:00Z,41.5,47.49,0.52,1.44,Healthy
2026-08-01T03:00:00Z,41.95,49.96,0.57,1.24,Healthy
2026-08-01T04:00:00Z,45.07,54.99,0.75,1.32,Healthy
2026-08-01T05:00:00Z,40.91,50.29,1.08,1.37,Healthy
2026-08-01T06:00:00Z,37.85,46.49,1.6,1.2,Healthy
2026-08-01T07:00:00Z,35.33,49.45,0.81,1.35,Healthy
2026-08-01T08:00:00Z,38.63,49.21,0.52,1.34,Healthy
2026-08-01T09:00:00Z,40.01,43.76,0.96,1.41,Healthy
2026-08-01T10:00:00Z,38.68,46.6,0.57,1.2,Healthy
2026-08-01T11:00:00Z,46.31,43.7,0.58,1.32,Healthy
2026-08-01T12:00:00Z,39.98,48.24,0.53,1.53,Healthy
2026-08-01T13:00:00Z,28.08,43.83,0.7,1.09,Healthy
2026-08-01T14:00:00Z,31.56,41.51,0.62,1.46,Healthy
2026-08-01T15:00:00Z,26.1,41.09,1.11,1.32,Healthy
2026-08-01T16:00:00Z,25.06,41.45,0.88,1.07,Healthy
2026-08-01T17:00:00Z,26.17,42.33,0.63,1.1,Healthy
2026-08-01T18:00:00Z,27.79,36.5,0.61,1.38,Healthy
2026-08-01T19:00:00Z,23.81,36.52,0.72,1.17,Healthy
2026-08-01T20:00:00Z,31.13,44.54,0.59,1.22,Healthy
2026-08-01T21:00:00Z,22.79,40.02,0.52,1.09,Healthy
2026-08-01T22:00:00Z,30.03,37.54,0.63,1.21,Healthy
2026-08-01T23:00:00Z,44.1,45.26,0.59,1.33,Healthy
2026-08-01T00:00:00Z,36.0,46.62,0.89,1.27,Healthy
2026-08-01T01:00:00Z,44.04,40.94,0.82,1.6,Healthy
2026-08-01T02:00:00Z,40.41,48.3,0.58,1.21,Healthy
2026-08-01T03:00:00Z,44.68,51.11,1.1,1.68,Healthy
2026-08-01T04:00:00Z,43.4,50.64,0.75,1.3,Healthy
2026-08-01T05:00:00Z,43.89,52.04,1.4,1.31,Healthy
2026-08-01T06:00:00Z,41.49,45.09,0.95,1.44,Healthy
2026-08-01T07:00:00Z,46.6,50.99,1.2,1.66,Healthy
2026-08-01T08:00:00Z,39.83,48.27,1.45,1.36,Healthy
2026-08-01T09:00:00Z,45.07,46.85,0.65,1.31,Healthy
2026-08-01T10:00:00Z,44.88,50.55,0.83,1.27,Healthy
2026-08-01T11:00:00Z,39.24,51.47,0.55,1.3,Healthy
2026-08-01T12:00:00Z,33.71,51.28,0.58,1.15,Healthy
2026-08-01T13:00:00Z,34.45,48.31,0.57,1.53,Healthy
2026-08-01T14:00:00Z,28.61,42.12,0.69,1.16,Healthy
2026-08-01T15:00:00Z,32.14,42.7,0.87,1.38,Healthy
2026-08-01T16:00:00Z,18.1,43.35,0.75,1.31,Healthy
2026-08-01T17:00:00Z,23.83,40.59,0.51,1.21,Healthy
2026-08-01T18:00:00Z,16.04,40.46,0.57,1.23,Healthy
2026-08-01T19:00:00Z,18.61,43.05,0.87,1.15,Healthy
